statement ok
DROP TABLE IF EXISTS t

statement ok
DROP TABLE IF EXISTS t2

statement ok
DROP TABLE IF EXISTS t3

statement ok
DROP TABLE IF EXISTS t4

statement ok
CREATE TABLE t(c1 int) ENGINE = Null

statement ok
CREATE TABLE IF NOT EXISTS t(c1 int) ENGINE = Null

statement error 2302
CREATE TABLE t(c1 int) ENGINE = Null

statement ok
create table t2(a int,b int) Engine = Fuse

statement ok
insert into t2 values(1,1),(2,2)

query I
select a+b from t2
----
2
4

statement error 2302
create table t2(a int,b int) Engine = Fuse

statement error 2302
create table t2(a int,b int) Engine = Fuse

statement error 1005
create table t2(a INT auto_increment)

statement error 2703
create table t3(a int,b int) engine=Memory CLUSTER BY(a)

statement ok
create table t3(`a` int) ENGINE = Null

statement ok
create table t4(a int) ENGINE = Null

statement ok
DROP TABLE IF EXISTS t

statement ok
DROP TABLE IF EXISTS t2

statement ok
DROP TABLE IF EXISTS t3

statement ok
DROP TABLE IF EXISTS t4

statement ok
DROP DATABASE IF EXISTS db1

statement ok
DROP DATABASE IF EXISTS db2

statement ok
CREATE DATABASE db1

statement ok
CREATE DATABASE db2

statement ok
CREATE TABLE db1.test1(a INT, b INT null) Engine = Fuse

statement ok
INSERT INTO db1.test1 VALUES (1, 2), (2, 3), (3, 4)

statement ok
CREATE TABLE db2.test2 LIKE db1.test1 ENGINE=fuse

statement ok
INSERT INTO db2.test2 VALUES (3, 5)

query I
SELECT a+b FROM db2.test2
----
8

query TTTTT
DESCRIBE db2.test2
----
a INT NO 0 (empty)
b INT YES NULL (empty)

statement ok
CREATE TABLE db2.test3(a Varchar null, y Varchar null) ENGINE=fuse AS SELECT * FROM db1.test1

query TTTTT
DESCRIBE db2.test3
----
a VARCHAR YES NULL (empty)
y VARCHAR YES NULL (empty)
b INT YES NULL (empty)

query T
SELECT a FROM db2.test3
----
1
2
3

statement ok
CREATE TABLE db2.test4(a Varchar null, y Varchar null) ENGINE=fuse AS SELECT b, a FROM db1.test1

query TTTTT
DESCRIBE db2.test4
----
a VARCHAR YES NULL (empty)
y VARCHAR YES NULL (empty)
b INT YES NULL (empty)

query T
SELECT a FROM db2.test4
----
1
2
3

statement ok
CREATE TABLE db2.test5(a Varchar null, y Varchar null) ENGINE=fuse AS SELECT b FROM db1.test1

query T
SELECT a FROM db2.test5
----
NULL
NULL
NULL

statement error 1065
create table db2.test6(id Int8, created timestamp  DEFAULT CURRENT_TIMESTAMP)

statement error 1065
create table db2.test6(id Int8, created timestamp  DEFAULT today() + a)

statement ok
create table db2.test6(id Int8, created timestamp  DEFAULT today() + 3)

statement ok
create table db2.test7(tiny TINYINT, tiny_unsigned TINYINT UNSIGNED, smallint SMALLINT, smallint_unsigned SMALLINT UNSIGNED, int INT, int_unsigned INT UNSIGNED, bigint BIGINT, bigint_unsigned BIGINT UNSIGNED,float FLOAT, double DOUBLE, date DATE, datetime DATETIME, ts TIMESTAMP, str VARCHAR default '3', bool BOOLEAN, arr ARRAY, obj OBJECT, variant VARIANT)

query TTTTT
desc db2.test7
----
tiny TINYINT NO 0 (empty)
tiny_unsigned TINYINT UNSIGNED NO 0 (empty)
smallint SMALLINT NO 0 (empty)
smallint_unsigned SMALLINT UNSIGNED NO 0 (empty)
int INT NO 0 (empty)
int_unsigned INT UNSIGNED NO 0 (empty)
bigint BIGINT NO 0 (empty)
bigint_unsigned BIGINT UNSIGNED NO 0 (empty)
float FLOAT NO 0 (empty)
double DOUBLE NO 0 (empty)
date DATE NO 0 (empty)
datetime TIMESTAMP NO 0 (empty)
ts TIMESTAMP NO 0 (empty)
str VARCHAR NO 3 (empty)
bool BOOLEAN NO false (empty)
arr ARRAY NO [] (empty)
obj OBJECT NO {} (empty)
variant VARIANT NO null (empty)

statement ok
create transient table db2.test8(tiny TINYINT, tiny_unsigned TINYINT UNSIGNED, smallint SMALLINT, smallint_unsigned SMALLINT UNSIGNED, int INT, int_unsigned INT UNSIGNED, bigint BIGINT, bigint_unsigned BIGINT UNSIGNED,float FLOAT, double DOUBLE, date DATE, datetime DATETIME, ts TIMESTAMP, str VARCHAR default '3', bool BOOLEAN, arr ARRAY, obj OBJECT, variant VARIANT)

query TTTTT
desc db2.test8
----
tiny TINYINT NO 0 (empty)
tiny_unsigned TINYINT UNSIGNED NO 0 (empty)
smallint SMALLINT NO 0 (empty)
smallint_unsigned SMALLINT UNSIGNED NO 0 (empty)
int INT NO 0 (empty)
int_unsigned INT UNSIGNED NO 0 (empty)
bigint BIGINT NO 0 (empty)
bigint_unsigned BIGINT UNSIGNED NO 0 (empty)
float FLOAT NO 0 (empty)
double DOUBLE NO 0 (empty)
date DATE NO 0 (empty)
datetime TIMESTAMP NO 0 (empty)
ts TIMESTAMP NO 0 (empty)
str VARCHAR NO 3 (empty)
bool BOOLEAN NO false (empty)
arr ARRAY NO [] (empty)
obj OBJECT NO {} (empty)
variant VARIANT NO null (empty)


statement ok
use db2

statement ok
create table test9 like test8

statement ok
use default

statement ok
DROP DATABASE db1

statement ok
DROP DATABASE db2

statement error 1002
CREATE TABLE system.test(a INT)

statement ok
drop table if exists t

statement error Duplicated column name
create table t(a int, a int)

statement error Duplicated column name
create table t(a int, A int)

statement error Duplicated column name
create table t as select number, number from numbers(1)

statement error invalid input parameter
create table tb101 (id int ,c1 datetime) 's3://wubx/tb101' connection=(aws_key_id='minioadmin' aws_ssecret_key='minioadmin' endpoint_url='http://127.0.0.1:9900');
